{"cameraMode":{"drawMode":0,"name":"Shaded","section":"Shading Mode"},"sceneLighting":true,"audioPlay":false,"sceneViewState":{"showFog":true,"showMaterialUpdate":false,"showSkybox":true,"showFlares":true,"showImageEffects":true,"showParticleSystems":true},"in2DMode":false,"pivot":{"x":0.1560525894165039,"y":-1.6691722869873047,"z":15.396465301513672},"rotation":{"x":0.20064744353294373,"y":0.14517280459403993,"z":-0.030192328616976739,"w":0.9684535264968872},"size":46.34975051879883,"orthographic":false}